{
  "train_loss": [
    0.6447330346586657,
    0.5646858579095673,
    0.48350564689905035,
    0.3743172252148974,
    0.26563844871798564,
    0.17379246126202977,
    0.1531468970500225,
    0.12303106096007076,
    0.0865506590229879,
    0.07381145873417456,
    0.06469605360682323,
    0.05194335387604238,
    0.0628653459362777,
    0.06008927946608952,
    0.047994064555192985,
    0.05545004388070939,
    0.03270377628687842,
    0.02723323867779554,
    0.0313052109085416,
    0.030751187185980564,
    0.04450525329493936,
    0.045418504713441006,
    0.03963299317904018,
    0.026889561533393776,
    0.021095961054978782,
    0.03691462323117508,
    0.0337155233114483,
    0.030019292827608866,
    0.04362920461640255,
    0.042354486149954886,
    0.02025288642343024,
    0.02823605909361504,
    0.034706229100337105,
    0.04115651588197615,
    0.022218421491903857,
    0.03129057769718416,
    0.03449601454628339,
    0.04078138802102402,
    0.024139719101595784,
    0.03695407722775331
  ],
  "train_acc": [
    62.009803921568626,
    70.83333333333333,
    76.65441176470588,
    84.00735294117646,
    89.09313725490196,
    94.42401960784314,
    94.17892156862744,
    95.58823529411765,
    96.81372549019608,
    97.36519607843137,
    98.10049019607843,
    98.71323529411765,
    98.10049019607843,
    98.40686274509804,
    98.71323529411765,
    98.40686274509804,
    98.95833333333333,
    99.32598039215686,
    98.83578431372548,
    99.32598039215686,
    98.95833333333333,
    98.95833333333333,
    98.65196078431373,
    99.20343137254902,
    99.57107843137256,
    99.08088235294117,
    99.26470588235294,
    99.20343137254902,
    98.8970588235294,
    98.83578431372548,
    99.57107843137256,
    99.44852941176471,
    99.26470588235294,
    98.8970588235294,
    99.57107843137256,
    99.20343137254902,
    99.20343137254902,
    98.8970588235294,
    99.38725490196079,
    98.8970588235294
  ],
  "val_loss": [
    0.6005772759134953,
    0.6703475644955268,
    0.6094440912398008,
    0.6756346520179739,
    0.8627168762569244,
    0.8206844267193586,
    0.8379302119742184,
    0.7888790970542826,
    0.8942612655524639,
    0.981920600545821,
    0.931603998124886,
    0.9249159364531246,
    0.848560859870094,
    0.8096852096473762,
    0.8773360415272271,
    0.937433794422899,
    0.9097611051693093,
    0.8762039028515574,
    0.9237811813419774,
    0.9885453410030235,
    1.0013445847166271,
    0.9029272985356399,
    0.9785058139745021,
    1.0089688944094983,
    0.9468955063169303,
    0.9660033743667344,
    0.9044904064481111,
    0.8705432127865677,
    1.006183571069414,
    0.9258988254458438,
    1.027841161278887,
    0.9192023222861351,
    0.9286813227898585,
    0.9006264227097674,
    0.959059666628421,
    0.9708860766225441,
    0.9718218488112773,
    0.9125297367984155,
    0.9391155397713121,
    0.9742774851054912
  ],
  "val_acc": [
    69.19315403422983,
    63.81418092909536,
    69.92665036674816,
    70.17114914425427,
    64.79217603911981,
    70.4156479217604,
    69.92665036674816,
    71.14914425427872,
    69.43765281173594,
    66.50366748166259,
    71.14914425427872,
    69.19315403422983,
    72.37163814180929,
    72.37163814180929,
    69.68215158924205,
    69.68215158924205,
    69.43765281173594,
    70.4156479217604,
    69.43765281173594,
    68.7041564792176,
    69.92665036674816,
    69.43765281173594,
    69.19315403422983,
    70.4156479217604,
    70.17114914425427,
    71.14914425427872,
    69.19315403422983,
    69.43765281173594,
    70.17114914425427,
    69.68215158924205,
    71.14914425427872,
    70.6601466992665,
    71.14914425427872,
    71.14914425427872,
    68.94865525672371,
    70.90464547677261,
    70.90464547677261,
    72.12713936430318,
    71.14914425427872,
    69.92665036674816
  ]
}